"doi","period","issn","ut"
"10.1007/s11042-017-4870-z","2017","1380-7501","412748200021"
"10.1007/s10548-017-0568-9","2017","0896-0267","404750300001"
"10.1007/s11191-016-9860-4","2016","0926-7220","397064100002"
"10.1007/s10824-016-9272-y","2017","0885-2545","414074200002"
"10.1007/s10544-017-0152-9","2017","1387-2176","394970800009"
"10.1007/s11214-015-0178-3","2017","0038-6308","409249500009"
"10.1007/s10712-015-9343-1","2016","0169-3298","372273400002"
"10.1007/s12035-015-9205-3","2016","0893-7648","377935400028"
"10.1007/s12035-016-0329-x","2017","0893-7648","415341900073"
"10.1007/s11120-016-0219-0","2016","0166-8595","374593600009"
"10.1007/s10856-015-5656-3","2016","0957-4530","368728100021"
"10.1007/s10633-016-9557-7","2016","0012-4486","385252000001"
"10.1007/s10680-015-9362-0","2016","0168-6577","376592100004"
"10.1007/s10661-017-6179-9","2017","0167-6369","410476500040"
"10.1007/s00704-015-1658-9","2017","0177-798X","393667700012"
"10.1007/s00401-016-1633-2","2017","0001-6322","392134900007"
"10.1007/s00401-017-1706-x","2017","0001-6322","403235900002"
"10.1007/s00418-016-1457-0","2016","0948-6143","385169600012"
"10.1007/s00418-015-1399-y","2016","0948-6143","375070400003"
"10.3758/s13423-016-1104-8","2017","1069-9384","399307100009"
"10.1007/s00109-016-1447-7","2016","0946-2716","390029900008"
"10.1007/s00420-015-1097-z","2016","0340-0131","374168900006"
"10.1007/s00441-016-2566-8","2017","0302-766X","395511300013"
"10.1007/s00122-015-2621-y","2016","0040-5752","368116200016"
"10.1007/s00210-016-1270-2","2016","0028-1298","381404000008"
"10.1140/epje/i2016-16032-7","2016","1292-8941","375267700003"
"10.1140/epje/i2016-16105-7","2016","1292-8941","398633300001"
"10.1007/s00347-016-0224-x","2016","0941-293X","380044400007"
"10.1007/s00113-017-0426-y","2017","0177-5537","415816700006"
"10.1007/s40618-016-0544-3","2016","1720-8386","386601500016"
"10.1007/s00424-016-1836-3","2016","0031-6768","380241000009"
"10.1007/s00424-016-1917-3","2017","0031-6768","391373900014"
"10.1007/s00424-017-1964-4","2017","0031-6768","401865900002"
"10.1007/s00382-016-3476-x","2017","0930-7575","410803300036"
"10.1007/s00292-016-0223-3","2016","0172-8113","382692200003"
"10.1007/s00292-016-0179-3","2016","0172-8113","382692900012"
"10.1007/s00292-016-0259-4","2017","0172-8113","397576900003"
"10.1007/s11825-017-0134-6","2017","1863-5490","407263300002"
"10.1007/s00417-016-3580-y","2017","0721-832X","394986600001"
"10.1007/s11060-016-2362-z","2017","0167-594X","399015500006"
"10.1007/s11242-016-0654-6","2016","0169-3913","382094800009"
"10.1007/s11242-015-0599-1","2016","0169-3913","382094800016"
"10.1007/s00464-016-5342-7","2017","0930-2794","409037100013"
"10.1007/s00430-016-0449-y","2016","0300-8584","379699400004"
"10.1007/s10640-016-9997-2","2017","0924-6460","403982200009"
"10.1007/s00259-016-3307-7","2016","1619-7070","376246200002"
"10.1007/s12571-017-0716-9","2017","1876-4517","414999200006"
"10.1007/s00432-017-2490-7","2017","0171-5216","412898700024"
"10.1007/s00247-016-3599-6","2016","0301-0449","380047700012"
"10.1007/s00106-016-0267-y","2017","0017-6192","407589100006"
"10.1007/s10096-016-2833-3","2017","0934-9723","394353500020"
"10.1007/s00339-017-1337-z","2017","0947-8396","416484200066"
"10.1208/s12248-017-0146-9","2017","1550-7416","415057700002"
"10.1007/s00431-016-2816-5","2017","0340-6199","392308900003"
"10.1007/s10049-016-0236-8","2016","1434-6222","389409500005"
"10.1007/s00125-016-3990-8","2016","0012-186X","379158800024"
"10.1007/s00103-017-2583-0","2017","1436-9990","404233300001"
"10.1007/s00103-017-2558-1","2017","1436-9990","404233300011"
"10.1007/s00294-016-0610-6","2017","0172-8083","397194500002"
"10.1007/s00439-016-1753-8","2017","0340-6717","393822400001"
"10.1007/s00425-015-2397-y","2016","0032-0935","367614800005"
"10.1007/s00359-016-1103-2","2016","0340-7594","381080100002"
"10.1007/s00103-016-2459-8","2016","1436-9990","388970700007"
"10.1007/s00338-016-1450-z","2016","0722-4028","382019400013"
"10.1007/s10936-016-9466-7","2017","0090-6905","405527700001"
"10.1007/s00018-016-2350-7","2017","1420-682X","393024800002"
"10.1007/s00015-016-0241-4","2017","1661-8726","399173200012"
"10.1007/s10940-015-9267-4","2016","0748-4518","387923300004"
"10.1007/s00003-017-1124-y","2017","1661-5751","415266900001"
"10.1007/s00003-017-1118-9","2017","1661-5751","409920500005"
"10.1007/s00003-016-1060-2","2017","1661-5751","416312800003"
"10.1007/s10113-016-0927-1","2017","1436-3798","402137900015"
"10.1007/s00114-016-1333-8","2016","0028-1042","370876000013"
"10.1007/s11356-017-9941-1","2017","0944-1344","412453500046"
"10.1007/s00204-017-1964-3","2017","0340-5761","401338100005"
"10.1007/s00204-017-2053-3","2017","0340-5761","417266400018"
"10.1007/s00204-017-2095-6","2017","0340-5761","415760700012"
"10.1007/s00468-017-1585-8","2017","0931-1890","414503900006"
"10.1007/s00392-016-1019-4","2017","1861-0684","392409500003"
"10.1007/s00392-017-1080-7","2017","1861-0684","404151300005"
"10.1007/s00392-017-1138-6","2017","1861-0684","413536100008"
"10.1007/s11367-016-1056-2","2016","0948-3349","376036600001"
"10.1007/s10236-016-0988-1","2016","1616-7341","385196600001"
"10.1007/s10236-017-1111-y","2017","1616-7341","415203000001"
"10.1140/epjst/e2017-70078-x","2017","1951-6355","404918800001"
"10.1140/epjst/e2016-60333-2","2017","1951-6355","399440100009"
"10.1007/s00066-017-1183-0","2017","0179-7158","411874000008"
"10.1007/s00438-017-1325-1","2017","1617-4615","410396100005"
"10.1007/s00438-017-1351-z","2017","1617-4615","414947300012"
"10.1140/epjh/e2017-80052-8","2017","2102-6459","419949800001"
"10.1007/s00393-015-0031-9","2016","0340-1855","370876400011"
"10.1007/s00767-017-0354-3","2017","1430-483X","402459600004"
"10.1007/s10404-017-1984-6","2017","1613-4982","410286400001"
"10.1007/s00186-016-0533-5","2016","1432-2994","378819800005"
"10.1007/s00415-015-7930-1","2016","0340-5354","411327200010"
"10.1007/s00415-016-8178-0","2016","0340-5354","385173900003"
"10.1007/s12181-015-0016-6","2016","1864-9718","399040800007"
"10.1007/s11678-017-0404-6","2017","1862-6599","403563500002"
"10.1007/s00429-015-1035-6","2016","1863-2653","375558600035"
"10.1007/s40258-015-0215-0","2016","1175-5652","369613700011"
"10.1007/s40261-016-0388-9","2016","1173-2563","378928400004"
"10.1007/s40263-017-0483-3","2017","1172-7047","419021200003"
"10.1007/s10584-017-2041-x","2017","0165-0009","409001300015"
"10.1007/s11103-017-0674-9","2017","0167-4412","416222600008"
"10.1007/s11103-017-0641-5","2017","0167-4412","410475500009"
"10.1007/s10533-017-0375-0","2017","0168-2563","413143700002"
"10.1007/s11082-017-1028-1","2017","0306-8919","400837200011"
"10.1007/s10530-016-1134-1","2016","1387-3547","378816500009"
"10.1007/s11214-016-0236-5","2017","0038-6308","404631800022"
"10.1007/s10811-017-1130-6","2017","0921-8971","413299100030"
"10.1007/s13280-015-0733-x","2016","0044-7447","366623100007"
"10.1007/s13280-017-0957-z","2017","0044-7447","415142800007"
"10.1007/s10750-015-2393-z","2016","0018-8158","365726600002"
"10.1007/s12035-014-9054-5","2016","0893-7648","370187100003"
"10.1007/s10592-016-0853-2","2016","1566-0621","382934400016"
"10.1007/s11136-017-1674-6","2017","0962-9343","415280000002"
"10.1007/s11120-017-0408-5","2017","0166-8595","414992200006"
"10.1007/s10596-017-9643-2","2017","1420-0597","415817200002"
"10.1007/s11948-014-9605-1","2017","1353-3452","412740900007"
"10.1007/s10967-016-5021-0","2017","0236-5731","394343200051"
"10.1007/s10856-016-5821-3","2017","0957-4530","391394200015"
"10.1007/s11084-016-9528-8","2017","0169-6149","416449400001"
"10.1007/s11229-015-0851-9","2017","0039-7857","408728500007"
"10.1007/s00607-016-0532-7","2017","0010-485X","407442300002"
"10.1007/s00701-017-3134-z","2017","0001-6268","399177300005"
"10.1007/s00701-016-3057-0","2017","0001-6268","393022200026"
"10.1007/s00198-017-4163-4","2017","0937-941X","412822100015"
"10.1007/s00340-017-6639-5","2017","0946-2171","401569400004"
"10.1007/s00401-016-1559-8","2016","0001-6322","378811600003"
"10.1007/s00401-016-1583-8","2016","0001-6322","380134400009"
"10.1007/s12237-015-0046-0","2016","1559-2723","377798600002"
"10.1007/s00109-016-1478-0","2017","0946-2716","392324200006"
"10.1007/s00109-016-1466-4","2017","0946-2716","392386400007"
"10.1007/s00109-017-1533-5","2017","0946-2716","405921600004"
"10.1007/s00441-017-2599-7","2017","0302-766X","403936100003"
"10.1007/s10764-016-9904-2","2016","0164-0291","381972100003"
"10.1007/s12311-017-0867-4","2017","1473-4222","417196600005"
"10.1007/s00586-016-4935-0","2017","0940-6719","416413200024"
"10.1007/s00586-017-5009-7","2017","0940-6719","414453700005"
"10.1007/s11428-017-0286-7","2017","1860-9716","417637700005"
"10.1007/s00107-016-1148-5","2017","0018-3768","394358700001"
"10.1007/s12665-016-5871-3","2016","1866-6280","380141500017"
"10.1007/s00405-015-3835-y","2016","0937-4477","382945900008"
"10.1007/s00424-016-1884-8","2016","0031-6768","389834100002"
"10.1007/s00424-017-2003-1","2017","0031-6768","409928500001"
"10.1007/s00382-015-2914-5","2016","0930-7575","382112000009"
"10.1007/s00382-016-3333-y","2017","0930-7575","403716500010"
"10.1007/s00436-017-5497-8","2017","0932-0113","406292100011"
"10.1007/s00104-017-0413-4","2017","0009-4722","403424800002"
"10.1007/s00253-016-7718-y","2016","0175-7598","381583400004"
"10.1007/s00213-016-4466-8","2017","0033-3158","392328200002"
"10.1007/s11825-017-0154-2","2017","1863-5490","417180700002"
"10.1007/s11825-017-0119-5","2017","1863-5490","397969900002"
"10.1007/s11825-017-0157-z","2017","1863-5490","423358900002"
"10.1007/s00417-017-3683-0","2017","0721-832X","407080300021"
"10.1007/s00466-017-1428-x","2017","0178-7675","414148300006"
"10.1007/s00221-016-4631-7","2016","0014-4819","379262400014"
"10.1007/s10826-017-0808-3","2017","1062-1024","412971900007"
"10.1007/s00264-016-3391-0","2017","0341-2695","398839100017"
"10.1007/s00464-015-4456-7","2016","0930-2794","375087100049"
"10.1007/s00278-017-0235-3","2017","0935-6185","414938400003"
"10.1007/s00190-016-0887-8","2016","0949-7714","374177600005"
"10.1007/s00259-016-3346-0","2016","1619-7070","378005000002"
"10.1007/s00259-017-3665-9","2017","1619-7070","399924800006"
"10.1007/s00262-017-1964-4","2017","0340-7004","401149500005"
"10.1007/s00345-016-1925-0","2017","0724-4983","399837200007"
"10.3758/s13414-016-1246-9","2017","1943-3921","394334100013"
"10.1245/s10434-016-5218-z","2016","1068-9265","381141000018"
"10.3758/s13415-017-0513-0","2017","1530-7026","407371200008"
"10.1007/s00103-016-2329-4","2016","1436-9990","375059900002"
"10.1007/s00103-016-2336-5","2016","1436-9990","375059900009"
"10.1007/s00125-016-4144-8","2017","0012-186X","389634000005"
"10.1007/s00103-017-2575-0","2017","1436-9990","406407700002"
"10.1007/s00103-017-2559-0","2017","1436-9990","404233300006"
"10.1007/s00439-015-1616-8","2016","0340-6717","367611900012"
"10.1007/s00402-016-2501-1","2016","0936-8051","380126100011"
"10.1007/s00359-017-1189-1","2017","0340-7594","406794100012"
"10.1007/s00787-017-0971-5","2017","1018-8827","413697300004"
"10.1007/s00299-017-2212-2","2017","0721-7714","414503400010"
"10.1007/s00348-016-2173-1","2016","0723-4864","378879500003"
"10.1007/s00414-016-1327-2","2016","0937-9827","382003900026"
"10.1007/s10508-016-0789-0","2017","0004-0002","398045200015"
"10.1007/s00018-016-2200-7","2016","1420-682X","377775800013"
"10.1007/s00038-016-0807-y","2016","1661-8556","380113400006"
"10.1007/s00038-016-0842-8","2016","1661-8556","382281200013"
"10.1007/s00003-016-1056-y","2017","1661-5751","396093600004"
"10.1007/s00003-017-1103-3","2017","1661-5751","402396900012"
"10.1007/s00003-016-1066-9","2017","1661-5751","396912100004"
"10.1007/s11368-016-1385-6","2016","1439-0108","385206400004"
"10.1007/s11356-016-6217-0","2017","0944-1344","399399700023"
"10.1007/s12525-016-0225-2","2016","1019-6781","379980100007"
"10.1007/s12525-017-0248-3","2017","1019-6781","415193200007"
"10.1007/s00227-017-3109-x","2017","0025-3162","398579400006"
"10.1007/s00204-015-1623-5","2016","0340-5761","386380700013"
"10.1007/s00204-016-1798-4","2016","0340-5761","385654600014"
"10.1007/s00204-016-1679-x","2017","0340-5761","394180500001"
"10.1007/s00204-016-1723-x","2017","0340-5761","394180500022"
"10.1007/s11325-015-1265-0","2016","1520-9512","375434400024"
"10.1007/s00216-016-0050-7","2017","1618-2642","392309900018"
"10.1007/s00216-016-0174-9","2017","1618-2642","396781700007"
"10.1007/s00392-016-0987-8","2016","1861-0684","382015600007"
"10.1140/epjst/e2016-60055-y","2016","1951-6355","387062100008"
"10.1140/epjst/e2016-60058-2","2016","1951-6355","387062100009"
"10.1140/epjst/e2016-60056-4","2016","1951-6355","387062100019"
"10.1140/epjst/e2017-70049-3","2017","1951-6355","404918800010"
"10.1007/s00228-017-2335-y","2017","0031-6970","415308900005"
"10.1007/s10231-016-0606-3","2017","0373-3114","402126700012"
"10.1007/s00211-017-0894-6","2017","0029-599X","414357700001"
"10.1007/s00406-015-0632-y","2016","0940-1334","373306100007"
"10.1007/s00406-017-0794-x","2017","0940-1334","407926200002"
"10.1007/s00395-017-0619-0","2017","0300-8428","401326200009"
"10.1007/s00393-015-0034-6","2016","0340-1855","370876400007"
"10.1007/s00780-016-0301-7","2016","0949-2984","388316900007"
"10.1007/s15010-016-0885-z","2016","0300-8126","377598400021"
"10.1007/s00415-015-7914-1","2016","0340-5354","411327200009"
"10.1007/s00426-015-0697-2","2016","0340-0727","386613400013"
"10.1007/s10270-014-0443-z","2016","1619-1366","374567800005"
"10.1007/s00281-016-0574-0","2016","1863-2297","386429000002"
"10.1007/s11678-016-0386-9","2017","1862-6599","398921200007"
"10.1007/s40664-016-0150-4","2017","0944-2502","401077000003"
"10.1007/s00068-016-0759-1","2017","1863-9933","402789500015"
"10.1007/s40261-017-0499-y","2017","1173-2563","399679600009"
"10.1007/s40261-017-0517-0","2017","1173-2563","401154500007"
"10.1007/s40291-016-0234-z","2017","1177-1062","392634100004"
"10.1007/s40262-015-0351-6","2016","0312-5963","376457700003"
"10.1007/s40262-016-0440-1","2017","0312-5963","394381400003"
"10.1007/s00792-016-0890-2","2017","1431-0651","393644900012"
"10.1007/s11284-016-1410-7","2017","0912-3814","391932600004"
"10.1007/s00059-016-4435-3","2016","0340-9937","377414000003"
"10.1007/s10570-016-0961-7","2016","0969-0239","380089300001"
"10.1007/s10570-016-1079-7","2017","0969-0239","392070700024"
"10.1007/s10665-017-9897-7","2017","0022-0833","410839000007"
"10.1007/s10654-016-0161-7","2016","0393-2990","382695100009"
"10.1007/s10654-017-0246-y","2017","0393-2990","405184200003"
"10.1007/s11239-016-1415-7","2016","0929-5305","385044300022"
"10.1007/s10494-016-9714-9","2016","1386-6184","376088400004"
"10.1007/s10646-016-1723-x","2016","0963-9292","387355900006"
"10.1007/s11214-015-0155-x","2016","0038-6308","366837400002"
"10.1007/s11027-016-9722-z","2017","1381-2386","413272600004"
"10.1007/s11077-017-9284-2","2017","0032-2687","415953600012"
"10.1007/s10858-016-0027-z","2016","0925-2738","378549800003"
"10.1007/s10592-016-0839-0","2016","1566-0621","382934400019"
"10.1617/s11527-015-0788-y","2016","1359-5997","379588700022"
"10.1007/s11120-017-0394-7","2017","0166-8595","414992200010"
"10.1007/s12017-017-8447-9","2017","1535-1084","408406400009"
"10.1007/s10596-015-9515-6","2016","1420-0597","376252400015"
"10.1007/s11948-016-9841-7","2017","1353-3452","406995500010"
"10.1007/s10974-017-9486-4","2017","0142-4319","418592600004"
"10.1007/s10763-016-9717-y","2017","1571-0068","401857000003"
"10.1007/s00726-016-2195-2","2016","0939-4451","376609900008"
"10.1007/s00709-017-1095-y","2017","0033-183X","411515200002"
"10.1007/s00704-015-1479-x","2016","0177-798X","374986500044"
"10.1007/s00704-016-1890-y","2017","0177-798X","410769100029"
"10.1007/s00704-015-1725-2","2017","0177-798X","399702200016"
"10.1007/s00198-016-3623-6","2016","0937-941X","385673300007"
"10.1007/s00115-016-0161-6","2016","0028-2804","386063400011"
"10.1007/s00115-016-0245-3","2017","0028-2804","392376800005"
"10.1007/s10853-016-0338-1","2017","0022-2461","386785600031"
"10.1007/s00420-017-1239-6","2017","0340-0131","412896400009"
"10.1007/s00441-016-2493-8","2016","0302-766X","389238700013"
"10.1007/s00441-017-2634-8","2017","0302-766X","408949700011"
"10.1007/s00442-016-3768-1","2017","0029-8549","394254500014"
"10.1007/s00134-016-4670-3","2017","0342-4642","412567400001"
"10.1140/epja/i2016-16216-9","2016","1434-6001","386027300002"
"10.1140/epja/i2016-16325-5","2016","1434-6001","391808200001"
"10.1007/s00277-017-2952-7","2017","0939-5555","399098300017"
"10.1007/s00267-016-0753-8","2016","0364-152X","387269300006"
"10.1007/s00205-016-1007-x","2016","0003-9527","383025000002"
"10.1140/epje/i2016-16080-y","2016","1292-8941","382466600002"
"10.1007/s00347-016-0372-z","2016","0941-293X","387698900002"
"10.1007/s00113-017-0429-8","2017","0177-5537","415816700007"
"10.1007/s00424-016-1828-3","2016","0031-6768","377445400007"
"10.1007/s00424-016-1820-y","2016","0031-6768","377445400006"
"10.1007/s00382-015-2650-x","2016","0930-7575","373442900002"
"10.1007/s00382-016-3186-4","2017","0930-7575","395060900035"
"10.1007/s00382-016-3237-x","2017","0930-7575","399431900004"
"10.1007/s00436-015-4851-y","2016","0932-0113","370868200028"
"10.1007/s00436-016-5296-7","2017","0932-0113","390568500035"
"10.1007/s00253-016-8071-x","2017","0175-7598","399167800010"
"10.1007/s00482-017-0197-y","2017","0932-433X","406641000002"
"10.1007/s00213-016-4356-0","2016","0033-3158","379333000017"
"10.1007/s00213-016-4445-0","2017","0033-3158","391361500002"
"10.1007/s11825-017-0155-1","2017","1863-5490","417180700007"
"10.1007/s11825-017-0120-z","2017","1863-5490","397969900001"
"10.1007/s11825-017-0162-2","2017","1863-5490","423358900005"
"10.1007/s00367-016-0454-6","2017","0276-0460","398172900008"
"10.1007/s11242-015-0618-2","2016","0169-3913","382094800006"
"10.1007/s11242-016-0624-z","2016","0169-3913","382094800017"
"10.1007/s10549-016-3835-7","2016","0167-6806","379495400004"
"10.1007/s00464-015-4603-1","2016","0930-2794","381097700018"
"10.1007/s00430-017-0494-1","2017","0300-8584","400457200003"
"10.1007/s00278-016-0157-5","2017","0935-6185","392395100003"
"10.1007/s00464-017-5416-1","2017","0930-2794","412759300011"
"10.1007/s00262-016-1792-y","2016","0340-7004","373952700011"
"10.1007/s12078-017-9230-x","2017","1936-5802","408697800004"
"10.1007/s00330-016-4254-1","2016","0938-7994","387810700048"
"10.1007/s00330-017-4904-y","2017","0938-7994","414671000043"
"10.1007/s12020-015-0792-6","2016","1355-008X","371182200002"
"10.1007/s12571-017-0654-6","2017","1876-4517","399160000012"
"10.1007/s00251-015-0880-z","2016","0093-7711","367690900004"
"10.1007/s00125-017-4389-x","2017","0012-186X","412414700019"
"10.1007/s00103-017-2567-0","2017","1436-9990","404233300005"
"10.1007/s00103-017-2606-x","2017","1436-9990","411336400003"
"10.1007/s00117-016-0079-9","2016","0033-832X","372430900006"
"10.1007/s10198-016-0834-x","2017","1618-7598","406690000006"
"10.1007/s00425-016-2478-6","2016","0032-0935","376509400004"
"10.1007/s00158-016-1541-z","2017","1615-147X","398114200011"
"10.1007/s00359-017-1182-8","2017","0340-7594","406793400006"
"10.1007/s00787-017-0945-7","2017","1018-8827","409913900003"
"10.1007/s00299-016-1990-2","2016","0721-7714","377936300010"
"10.1007/s00300-016-2059-y","2017","0722-4060","406338800014"
"10.1007/s11095-017-2233-0","2017","0724-8741","413120800005"
"10.1007/s10921-016-0386-0","2017","0195-9298","394679000009"
"10.1007/s00018-016-2410-z","2017","1420-682X","398508000007"
"10.1007/s11356-016-7442-2","2016","0944-1344","387599600072"
"10.1007/s00209-016-1816-5","2017","0025-5874","409894400002"
"10.1007/s00204-016-1739-2","2016","0340-5761","377720700007"
"10.1007/s00204-016-1860-2","2016","0340-5761","387697600020"
"10.1007/s00204-017-2046-2","2017","0340-5761","415760700011"
"10.1007/s12550-017-0279-9","2017","0178-7888","405508200004"
"10.1007/s12550-016-0258-6","2017","0178-7888","392347800001"
"10.1007/s00285-016-0979-3","2016","0303-6812","382937000010"
"10.1007/s41348-017-0074-z","2017","1861-3829","405966400010"
"10.1140/epjst/e2016-60097-1","2016","1951-6355","387062100005"
"10.1140/epjst/e2016-60067-1","2016","1951-6355","387062100012"
"10.1007/s10071-015-0943-4","2016","1435-9448","370170300013"
"10.1140/epjh/e2017-80023-3","2017","2102-6459","404009000001"
"10.1007/s00393-016-0256-2","2017","0340-1855","397585600018"
"10.1007/s00415-015-7920-3","2016","0340-5354","411327200001"
"10.1007/s00415-015-7913-2","2016","0340-5354","411327200006"
"10.1007/s00415-015-7909-y","2016","0340-5354","411327200003"
"10.1007/s12181-016-0054-8","2016","1864-9718","399041500011"
"10.1007/s00296-016-3472-9","2016","0172-8172","376411700004"
"10.1007/s00391-017-1223-5","2017","0948-6704","415639100002"
"10.1007/s11548-017-1551-3","2017","1861-6410","402384700011"
"10.1007/s11548-017-1540-6","2017","1861-6410","408411000011"
"10.1007/s00429-016-1251-8","2017","1863-2653","396034300011"
"10.1007/s00429-017-1411-5","2017","1863-2653","414761700005"
"10.1007/s40265-015-0529-0","2016","0012-6667","372531800002"
"10.1007/s40263-017-0456-6","2017","1172-7047","408406900001"
"10.1007/s40272-017-0251-3","2017","1174-5878","415166100008"
"10.1007/s13318-016-0359-9","2017","0378-7966","400988000011"
"10.1007/s13318-017-0400-7","2017","0378-7966","410750000007"
"10.1007/s13593-017-0430-1","2017","1774-0746","404612300008"
"10.1007/s00181-015-1058-0","2016","0377-7332","387345900002"
"10.1007/s00041-016-9469-7","2017","1069-5869","398566400001"
"10.1007/s12369-017-0415-x","2017","1875-4791","408405800010"
"10.1007/s11192-016-1834-4","2016","0138-9130","374705700018"
"10.1007/s10548-016-0525-z","2017","0896-0267","392068500002"
"10.1007/s11523-016-0444-7","2016","1776-2596","390044200008"
"10.1007/s10846-016-0412-6","2017","0921-0296","392059800005"
"10.1007/s10530-016-1286-z","2017","1387-3547","392187700027"
"10.1007/s10705-016-9801-2","2016","1385-1314","386372200007"
"10.1007/s10681-016-1656-8","2016","0014-2336","374854100016"
"10.1007/s10646-016-1725-8","2016","0963-9292","387355900003"
"10.1007/s11135-015-0251-8","2016","0033-5177","382066000010"
"10.1007/s10967-015-4227-x","2016","0236-5731","372268600026"
"10.1007/s11154-016-9345-4","2016","1389-9155","376887800002"
"10.1007/s11569-016-0280-3","2017","1871-4757","399179600010"
"10.1007/s11222-015-9608-z","2017","0960-3174","393572800007"
"10.1007/s11222-015-9620-3","2017","0960-3174","393572800017"
"10.1007/s10354-016-0474-x","2017","0043-5341","400392300006"
"10.1007/s00709-016-1058-8","2017","0033-183X","399037400003"
"10.1007/s00709-017-1092-1","2017","0033-183X","411515200017"
"10.1007/s00702-015-1443-z","2016","0300-9564","368187200002"
"10.1007/s00702-016-1608-4","2016","0300-9564","388626300017"
"10.1007/s10040-017-1554-8","2017","1431-2174","407923900025"
"10.1007/s00340-017-6844-2","2017","0946-2171","413965000002"
"10.1007/s00401-017-1667-0","2017","0001-6322","392604900006"
"10.1007/s00401-017-1711-0","2017","0001-6322","405315500006"
"10.1007/s00115-016-0259-x","2017","0028-2804","394237400009"
"10.1007/s00109-015-1362-3","2016","0946-2716","375715900013"
"10.1007/s00122-016-2756-5","2016","0040-5752","386565400002"
"10.1007/s00122-016-2814-z","2017","0040-5752","393965900007"
"10.1007/s00210-016-1247-1","2016","0028-1298","377936100002"
"10.1007/s00210-017-1429-5","2017","0028-1298","415026600001"
"10.1007/s00442-016-3693-3","2016","0029-8549","385675100016"
"10.1007/s00277-016-2711-1","2016","0939-5555","381113700006"
"10.1140/epje/i2017-11510-0","2017","1292-8941","404223500002"
"10.1007/s00347-017-0501-3","2017","0941-293X","409822800006"
"10.1007/s00586-016-4679-x","2016","0940-6719","383465500027"
"10.1007/s12665-017-7007-9","2017","1866-6280","412889200025"
"10.1007/s00405-016-4060-z","2016","0937-4477","381264100042"
"10.1007/s00424-017-2018-7","2017","0031-6768","407082300006"
"10.1007/s00424-017-2024-9","2017","0031-6768","412490400003"
"10.1007/s00382-015-2683-1","2016","0930-7575","371069900031"
"10.1007/s00382-017-3562-8","2017","0930-7575","415579000025"
"10.1007/s00104-016-0300-4","2016","0009-4722","389902200007"
"10.1007/s00292-017-0305-x","2017","0172-8113","408950900005"
"10.1007/s00253-015-7041-z","2016","0175-7598","369308900018"
"10.1007/s00253-016-7750-y","2016","0175-7598","382008000004"
"10.1007/s00105-017-4044-y","2017","0017-8470","414150200008"
"10.1007/s11825-017-0159-x","2017","1863-5490","417180700001"
"10.1007/s11825-017-0160-4","2017","1863-5490","417180700004"
"10.1007/s00367-016-0466-2","2017","0276-0460","398172900007"
"10.1007/s11242-016-0674-2","2016","0169-3913","382094800014"
"10.1007/s10549-017-4151-6","2017","0167-6806","399237000012"
"10.1007/s00464-015-4406-4","2016","0930-2794","375087100025"
"10.1007/s00430-016-0457-y","2016","0300-8584","382754300002"
"10.1007/s00430-017-0493-2","2017","0300-8584","398589600009"
"10.1007/s00262-017-1980-4","2017","0340-7004","402133900011"
"10.1007/s00330-016-4437-9","2017","0938-7994","392142000044"
"10.1007/s00330-016-4654-2","2017","0938-7994","403366700026"
"10.1007/s00432-016-2162-z","2016","0171-5216","377429400020"
"10.1007/s00432-016-2308-z","2017","0171-5216","398718100003"
"10.1007/s00106-016-0254-3","2016","0017-6192","387498200007"
"10.1007/s00431-016-2700-3","2016","0340-6199","372911400001"
"10.1007/s00146-015-0629-0","2016","0951-5666","390874900016"
"10.1245/s10434-016-5108-4","2016","1068-9265","391508800010"
"10.1007/s00455-017-9828-9","2017","0179-051X","414653800001"
"10.1007/s12064-016-0235-9","2016","1431-7613","388286500001"
"10.1007/s10049-016-0187-0","2016","1434-6222","380707400013"
"10.1007/s00103-015-2266-7","2016","1436-9990","367517500008"
"10.1007/s00103-016-2507-4","2017","1436-9990","394987900012"
"10.1007/s00125-016-4015-3","2016","0012-186X","380668800002"
"10.1007/s00103-017-2587-9","2017","1436-9990","406407700001"
"10.1007/s00103-017-2566-1","2017","1436-9990","404233300002"
"10.1007/s00103-017-2639-1","2017","1436-9990","416357200003"
"10.1007/s11097-016-9478-7","2017","1568-7759","412916400003"
"10.1007/s00428-016-1950-9","2016","0945-6317","382162100008"
"10.1007/s00402-016-2543-4","2016","0936-8051","383704800010"
"10.1007/s10762-016-0263-z","2016","1866-6892","379075300005"
"10.1007/s11306-016-0983-z","2016","1573-3882","372156700017"
"10.1007/s00359-016-1069-0","2016","0340-7594","373183000002"
"10.1007/s00761-017-0292-9","2017","0947-8965","414448200007"
"10.1007/s13524-017-0556-4","2017","0070-3370","399000800001"
"10.1007/s10498-015-9276-9","2016","1380-6165","374660000003"
"10.1007/s00280-016-3095-6","2016","0344-5704","382703400023"
"10.1007/s00006-015-0615-0","2016","0188-7009","376414600006"
"10.1007/s00018-016-2131-3","2016","1420-682X","377777600010"
"10.1007/s00018-017-2516-y","2017","1420-682X","404353000011"
"10.1007/s00015-016-0252-1","2017","1661-8726","399173200011"
"10.1007/s00016-017-0209-4","2017","1422-6944","418457800003"
"10.1007/s00003-016-1043-3","2017","1661-5751","396093600002"
"10.1007/s10648-016-9361-7","2017","1040-726X","406953400003"
"10.1007/s10113-016-1057-5","2017","1436-3798","402137900002"
"10.1007/s00227-016-2892-0","2016","0025-3162","375330500019"
"10.1007/s00204-016-1906-5","2017","0340-5761","394982800019"
"10.1007/s00204-016-1741-8","2017","0340-5761","394180500021"
"10.1007/s00204-017-1952-7","2017","0340-5761","404237400015"
"10.1007/s00216-017-0655-5","2017","1618-2642","414330000020"
"10.1007/s00392-017-1090-5","2017","1861-0684","406276300003"
"10.1007/s00392-016-1067-9","2017","1861-0684","398727100009"
"10.1007/s00406-016-0750-1","2017","0940-1334","405673700011"
"10.1007/s00395-016-0557-2","2016","0300-8428","378942800008"
"10.1007/s00395-017-0600-y","2017","0300-8428","394316700003"
"10.1007/s00784-016-1907-z","2017","1432-6981","402011500004"
"10.1007/s00393-015-0033-7","2016","0340-1855","370876400006"
"10.1007/s00393-015-0032-8","2016","0340-1855","370876400009"
"10.1007/s00393-016-0174-3","2017","0340-1855","399025700006"
"10.1007/s10404-017-2000-x","2017","1613-4982","413765200002"
"10.1007/s00415-016-8045-z","2016","0340-5354","380691900001"
"10.1007/s00415-015-7973-3","2016","0340-5354","411327200012"
"10.1007/s00415-015-7912-3","2016","0340-5354","411327200002"
"10.1007/s00120-016-0258-3","2016","0340-2592","390039600004"
"10.1007/s00180-015-0607-5","2016","0943-4062","374375800004"
"10.1007/s40266-016-0418-6","2017","1170-229X","392813000004"
"10.1007/s40273-015-0335-2","2016","1170-7690","371164200004"
"10.1007/s13235-017-0215-9","2017","2153-0785","410776000005"
"10.1007/s00064-017-0483-y","2017","0934-6694","403505900006"
"10.1007/s00064-016-0481-5","2017","0934-6694","399152200010"
"10.1007/s11103-015-0400-4","2016","0167-4412","367345300009"
"10.1007/s10708-016-9703-5","2017","0343-2521","405821000010"
"10.1007/s10973-015-5026-x","2016","1388-6150","371159900072"
"10.1007/s11192-017-2363-5","2017","0138-9130","401747900011"
"10.1007/s10509-016-2911-0","2016","0004-640X","386360000003"
"10.1007/s12671-017-0677-2","2017","1868-8527","405411600017"
"10.1007/s11051-016-3461-7","2016","1388-0764","387048800001"
"10.1007/s11051-016-3559-y","2016","1388-0764","382752100005"
"10.1007/s11001-016-9296-x","2016","0025-3235","392080000006"
"10.1007/s10681-016-1732-0","2016","0014-2336","383768700006"
"10.1007/s10557-016-6693-y","2016","0920-3206","390066300002"
"10.1007/s10545-016-9961-x","2016","0141-8955","386383500009"
"10.1007/s11229-015-0883-1","2016","0039-7857","385086400004"
"10.1007/s10546-015-0078-9","2016","0006-8314","367694700003"
"10.1007/s10707-016-0260-3","2016","1384-6175","383769500005"
"10.1007/s11049-017-9364-1","2017","0167-806X","413301300003"
"10.1007/s10460-015-9610-2","2016","0889-048X","375706900008"
"10.1007/s00726-017-2419-0","2017","0939-4451","416031700005"
"10.1007/s10354-016-0537-z","2017","0043-5341","400392300002"
"10.1007/s10353-017-0473-1","2017","1682-8631","398930800006"
"10.1007/s00704-015-1609-5","2016","0177-798X","386071900029"
"10.1007/s00606-016-1354-y","2017","0378-2697","393648500008"
"10.1007/s00606-017-1435-6","2017","0378-2697","412976200009"
"10.1007/s00170-015-8234-4","2016","0268-3768","376462600080"
"10.1007/s00520-017-3638-3","2017","0941-4355","402138800030"
"10.1007/s00340-016-6571-0","2017","0946-2171","394290300009"
"10.1007/s00401-015-1511-3","2016","0001-6322","368535000002"
"10.1007/s00401-016-1595-4","2016","0001-6322","382011300003"
"10.1007/s00401-016-1564-y","2016","0001-6322","378811600006"
"10.1007/s00401-016-1658-6","2017","0001-6322","394961100010"
"10.1007/s00109-016-1499-8","2017","0946-2716","392324200002"
"10.1007/s00109-017-1582-9","2017","0946-2716","413973800005"
"10.1007/s00420-017-1210-6","2017","0340-0131","405016800002"
"10.1007/s00441-017-2571-6","2017","0302-766X","399916800015"
"10.1007/s00467-016-3349-x","2017","0931-041X","391392600002"
"10.1007/s00449-017-1755-5","2017","1615-7591","401340400011"
"10.1007/s00442-017-3904-6","2017","0029-8549","410497400008"
"10.1007/s12311-015-0707-3","2016","1473-4222","382928400005"
"10.1140/epja/i2017-12294-5","2017","1434-6001","402136900002"
"10.1007/s00277-016-2810-z","2016","0939-5555","387354000001"
"10.1007/s00497-017-0311-4","2017","2194-7953","416259900002"
"10.1007/s00107-015-1004-z","2016","0018-3768","377363500005"
"10.1007/s12665-016-5787-y","2016","1866-6280","379222800006"
"10.1007/s12665-016-6351-5","2017","1866-6280","392286300040"
"10.1007/s12665-016-6319-5","2017","1866-6280","392286300023"
"10.1007/s00382-015-2832-6","2016","0930-7575","381227100014"
"10.1007/s00482-017-0200-7","2017","0932-433X","402959300003"
"10.1007/s11825-017-0153-3","2017","1863-5490","417180700005"
"10.1007/s11825-017-0132-8","2017","1863-5490","407263300006"
"10.1007/s11825-017-0167-x","2017","1863-5490","423358900003"
"10.1007/s00417-016-3572-y","2017","0721-832X","398820800016"
"10.1007/s11060-016-2324-5","2017","0167-594X","397329100005"
"10.1007/s00265-015-2050-6","2016","0340-5443","370197400003"
"10.1007/s00265-016-2105-3","2016","0340-5443","374563600015"
"10.1007/s00265-015-2019-5","2016","0340-5443","378871700005"
"10.1007/s00190-017-1012-3","2017","0949-7714","407942700006"
"10.1007/s00259-015-3188-1","2016","1619-7070","366627000005"
"10.1007/s00259-015-3270-8","2016","1619-7070","371074100014"
"10.1007/s00262-016-1871-0","2016","0340-7004","382031800008"
"10.1007/s13679-016-0237-4","2016","2162-4968","387057100006"
"10.1007/s00432-016-2307-0","2017","0171-5216","394378500018"
"10.1007/s00432-017-2359-9","2017","0171-5216","404235900012"
"10.1007/s00345-016-1868-5","2017","0724-4983","393778300001"
"10.1245/s10434-017-5993-1","2017","1068-9265","410702000044"
"10.1007/s00410-016-1305-1","2016","0010-7999","388590800009"
"10.1007/s00455-016-9746-2","2017","0179-051X","394377700010"
"10.1007/s00125-017-4289-0","2017","0012-186X","404354900005"
"10.1007/s00125-017-4354-8","2017","0012-186X","408770300002"
"10.1007/s00103-017-2537-6","2017","1436-9990","400093800013"
"10.1007/s00103-017-2556-3","2017","1436-9990","404233300012"
"10.1007/s00428-016-1916-y","2016","0945-6317","375717200006"
"10.1007/s11999-016-4906-0","2017","0009-921X","391931600021"
"10.1007/s00402-015-2388-2","2016","0936-8051","374828400008"
"10.1007/s10198-016-0769-2","2017","1618-7598","395181400008"
"10.1007/s10100-016-0436-9","2017","1435-246X","393668700011"
"10.1007/s10762-016-0345-y","2017","1866-6892","394984500008"
"10.1007/s00132-016-3222-4","2016","0085-4530","372168800003"
"10.1007/s00425-015-2396-z","2016","0032-0935","367614800011"
"10.1007/s11306-016-1129-z","2016","1573-3882","389604300007"
"10.1007/s00761-017-0248-0","2017","0947-8965","406331800013"
"10.1007/s00761-017-0246-2","2017","0947-8965","406331800003"
"10.1007/s00761-017-0243-5","2017","0947-8965","406331800004"
"10.1007/s00280-016-3174-8","2016","0344-5704","392322300007"
"10.1007/s00280-017-3383-9","2017","0344-5704","408616700011"
"10.1007/s00300-016-1934-x","2017","0722-4060","391401900011"
"10.1007/s00572-016-0688-1","2016","0940-6360","378996900001"
"10.1007/s00018-016-2311-1","2016","1420-682X","387491800004"
"10.1007/s00038-015-0750-3","2016","1661-8556","380113400010"
"10.1007/s10787-015-0253-0","2016","0925-4692","374686400005"
"10.1007/s00003-016-1016-6","2016","1661-5751","382705100008"
"10.1007/s10745-016-9820-2","2016","0300-7839","374336300009"
"10.1007/s10286-016-0358-6","2016","0959-9851","376666600006"
"10.1007/s12145-017-0307-5","2017","1865-0473","414806900008"
"10.1007/s00227-016-2843-9","2016","0025-3162","373019300001"
"10.1007/s00227-017-3104-2","2017","0025-3162","398579400007"
"10.1007/s00204-016-1740-9","2016","0340-5761","377720700019"
"10.1007/s00204-016-1866-9","2017","0340-5761","394180500032"
"10.1007/s00216-016-9537-5","2016","1618-2642","376456300017"
"10.1007/s00216-016-9420-4","2016","1618-2642","378725200005"
"10.1007/s00216-016-9751-1","2016","1618-2642","385155200009"
"10.1007/s00216-017-0312-z","2017","1618-2642","401408300018"
"10.1007/s00216-017-0279-9","2017","1618-2642","399701400010"
"10.1007/s00468-017-1578-7","2017","0931-1890","411194600021"
"10.1007/s00392-016-1073-y","2017","1861-0684","402012100006"
"10.1007/s10236-016-0957-8","2016","1616-7341","378002600006"
"10.1140/epjst/e2017-70071-y","2017","1951-6355","403683600001"
"10.1140/epjst/e2017-70059-7","2017","1951-6355","404918800003"
"10.1007/s00228-017-2292-5","2017","0031-6970","410800200005"
"10.1140/epjp/i2016-16445-3","2016","2190-5444","395551500002"
"10.1007/s00395-016-0582-1","2016","0300-8428","387356000007"
"10.1007/s00395-017-0650-1","2017","0300-8428","411116400005"
"10.1007/s00393-015-0037-3","2016","0340-1855","370876400008"
"10.1007/s00393-016-0071-9","2016","0340-1855","389354800010"
"10.1007/s00415-016-8302-1","2016","0340-5354","388625500020"
"10.1007/s00062-014-0329-z","2016","1869-1439","374375700006"
"10.1007/s00391-015-0871-6","2016","0948-6704","368624600010"
"10.1007/s40261-015-0336-0","2016","1173-2563","368144800001"
"10.1007/s40279-016-0645-3","2017","0112-1642","401945600012"
"10.1007/s40262-017-0514-8","2017","0312-5963","399161800009"
"10.1007/s40262-016-0473-5","2017","0312-5963","401062400007"
"10.1007/s00773-015-0349-7","2016","0948-4280","376918200008"
"10.1007/s11625-016-0378-0","2016","1862-4065","381603100007"
"10.1007/s10584-015-1539-3","2016","0165-0009","370807500001"
"10.1007/s11042-016-4097-4","2017","1380-7501","397020500042"
"10.1007/s11103-017-0672-y","2017","0167-4412","416222600004"
"10.1007/s11239-017-1479-z","2017","0929-5305","399021200008"
"10.1007/s11051-017-3741-x","2017","1388-0764","394322800002"
"10.1007/s10719-016-9745-4","2017","0282-0080","403322800015"
"10.1007/s10646-016-1734-7","2016","0963-9292","387355900001"
"10.1007/s10886-016-0687-x","2016","0098-0331","376294700007"
"10.1007/s11027-014-9602-3","2016","1381-2386","374841800004"
"10.1007/s11104-015-2779-8","2016","0032-079X","381210800017"
"10.1007/s11104-017-3381-z","2017","0032-079X","416861200028"
"10.1617/s11527-016-0839-z","2016","1359-5997","380236800001"
"10.1007/s10557-016-6658-1","2016","0920-3206","378944600004"
"10.1007/s10967-017-5247-5","2017","0236-5731","402173700020"
"10.1007/s10967-017-5282-2","2017","0236-5731","403690400025"
"10.1007/s10856-017-5982-8","2017","0957-4530","413669400003"
"10.1007/s10974-016-9449-1","2016","0142-4319","388181600003"
"10.1007/s00703-016-0487-4","2017","0177-7971","399095400007"
"10.1007/s00170-016-8819-6","2017","0268-3768","393760100012"
"10.1140/epjb/e2016-70177-4","2016","1434-6028","388439500001"
"10.1007/s00401-016-1643-0","2017","0001-6322","392134900002"
"10.1007/s00220-015-2512-8","2016","0010-3616","371387000005"
"10.3758/s13423-016-1138-y","2017","1069-9384","402543100001"
"10.1007/s00109-016-1483-3","2016","0946-2716","390029900005"
"10.1007/s00420-016-1121-y","2016","0340-0131","376408900017"
"10.1007/s00420-016-1150-6","2016","0340-0131","385249600002"
"10.1007/s00420-015-1098-y","2016","0340-0131","374168900007"
"10.1007/s11665-016-1997-4","2016","1059-9495","373850700027"
"10.1007/s13225-015-0341-x","2016","1560-2745","376458400005"
"10.1007/s00134-016-4325-4","2016","0342-4642","374176700012"
"10.1007/s00113-016-0285-y","2017","0177-5537","393025900006"
"10.1007/s00405-016-4130-2","2016","0937-4477","385202600070"
"10.1007/s00436-016-5361-2","2017","0932-0113","395176100007"
"10.1007/s00436-017-5498-7","2017","0932-0113","406292100012"
"10.1007/s00253-015-7090-3","2016","0175-7598","367916200007"
"10.1007/s11825-017-0133-7","2017","1863-5490","407263300003"
"10.1007/s11825-017-0140-8","2017","1863-5490","407263300004"
"10.1007/s11825-017-0156-0","2017","1863-5490","423358900004"
"10.1007/s00421-016-3525-5","2017","1439-6319","395130500014"
"10.1007/s11060-016-2177-y","2016","0167-594X","382087400014"
"10.1007/s11242-015-0617-3","2016","0169-3913","382094800015"
"10.1007/s11242-016-0665-3","2016","0169-3913","382094800007"
"10.1007/s11242-015-0586-6","2016","0169-3913","382094800004"
"10.1007/s00430-015-0445-7","2016","0300-8584","376261700009"
"10.1007/s00430-017-0514-1","2017","0300-8584","414356800001"
"10.1007/s00464-017-5612-z","2017","0930-2794","417069800052"
"10.1007/s10342-015-0920-0","2016","1612-4669","377818300007"
"10.1007/s00190-016-0948-z","2016","0949-7714","387721200001"
"10.1007/s00330-015-4097-1","2016","0938-7994","379192500006"
"10.1007/s00106-015-0089-3","2016","0017-6192","407591500001"
"10.1140/epjd/e2017-80296-1","2017","1434-6060","419867300001"
"10.1007/s00103-015-2281-8","2016","1436-9990","368718200008"
"10.1007/s00103-016-2425-5","2016","1436-9990","387087100008"
"10.1007/s00125-015-3795-1","2016","0012-186X","377302400007"
"10.1007/s00125-017-4430-0","2017","0012-186X","414343300025"
"10.1007/s00103-017-2561-6","2017","1436-9990","404233300007"
"10.1007/s00103-017-2615-9","2017","1436-9990","411336400004"
"10.1007/s10687-016-0277-x","2017","1386-1999","399837300004"
"10.1007/s00117-017-0258-3","2017","0033-832X","404992100005"
"10.1007/s00439-017-1766-y","2017","0340-6717","398730900001"
"10.1007/s11419-016-0320-2","2016","1860-8965","379164800012"
"10.1007/s11307-016-1009-y","2017","1536-1632","400279600013"
"10.1007/s00132-016-3232-2","2016","0085-4530","372168800001"
"10.1007/s00359-016-1133-9","2017","0340-7594","393670200001"
"10.1007/s00761-017-0238-2","2017","0947-8965","408101200011"
"10.1007/s10943-017-0396-y","2017","0022-4197","413603000028"
"10.1007/s13311-016-0475-x","2016","1933-7213","386628000009"
"10.1007/s00348-017-2376-0","2017","0723-4864","407095300005"
"10.1007/s00300-016-2020-0","2017","0722-4060","402123800001"
"10.1007/s00013-016-0953-8","2016","0003-889X","386605400013"
"10.1007/s00018-017-2547-4","2017","1420-682X","409545200012"
"10.1007/s10765-017-2212-z","2017","0195-928X","400936600010"
"10.1007/s11356-017-9469-4","2017","0944-1344","407577800008"
"10.1007/s11356-017-8989-2","2017","0944-1344","401566600060"
"10.1007/s12525-016-0228-z","2017","1019-6781","407849300007"
"10.1007/s00360-016-1036-7","2017","0174-1578","396436100008"
"10.1007/s00204-016-1761-4","2016","0340-5761","385654600013"
"10.1007/s00216-016-9873-5","2016","1618-2642","386061300006"
"10.1007/s00216-016-9893-1","2017","1618-2642","392309900010"
"10.1007/s00216-017-0325-7","2017","1618-2642","401407900012"
"10.1007/s00392-016-0991-z","2016","1861-0684","382015600008"
"10.1007/s00392-017-1137-7","2017","1861-0684","413536100007"
"10.1007/s00392-017-1129-7","2017","1861-0684","411633100009"
"10.1140/epjst/e2016-60064-x","2016","1951-6355","387062100013"
"10.1140/epjst/e2016-60239-5","2017","1951-6355","401713400004"
"10.1140/epjst/e2017-70051-3","2017","1951-6355","404918800009"
"10.1140/epjst/e2017-70046-0","2017","1951-6355","404918800012"
"10.1007/s00406-014-0567-8","2016","0940-1334","368826800007"
"10.1007/s00415-015-7986-y","2016","0340-5354","377450700001"
"10.1007/s10009-017-0449-2","2017","1433-2779","400981200001"
"10.1007/s11548-016-1376-5","2016","1861-6410","377449000008"
"10.1007/s11548-017-1579-4","2017","1861-6410","413841500015"
"10.1007/s11678-017-0399-z","2017","1862-6599","403563500007"
"10.1007/s00429-016-1259-0","2016","1863-2653","382684900001"
"10.1007/s00429-017-1427-x","2017","1863-2653","414761700018"
"10.1007/s40263-016-0372-1","2016","1172-7047","382155600007"
"10.1007/s40263-016-0384-x","2016","1172-7047","387025300004"
"10.1007/s40273-016-0451-7","2017","1170-7690","392231900006"
"10.1007/s40262-016-0422-3","2016","0312-5963","388169000008"
"10.1007/s40262-016-0451-y","2017","0312-5963","394381400001"
"10.1007/s13593-017-0473-3","2017","1774-0746","418767900002"
"10.1007/s11625-017-0472-y","2017","1862-4065","415331600019"
"10.1007/s00059-016-4523-4","2017","0340-9937","394240100005"
"10.1007/s00066-016-1057-x","2016","0179-7158","388976700002"
"10.1007/s11263-017-1022-x","2017","0920-5691","414072800006"
"10.1007/s10584-016-1648-7","2016","0165-0009","376413600003"
"10.1007/s12369-016-0342-2","2016","1875-4791","374390500012"
"10.1007/s11192-016-1887-4","2016","0138-9130","376273600022"
"10.1007/s11082-017-0918-6","2017","0306-8919","394543600019"
"10.1007/s10654-017-0258-7","2017","0393-2990","414156900010"
"10.1007/s10610-016-9320-3","2016","0928-1371","382033900005"
"10.1007/s11240-016-1007-4","2016","0167-6857","382151200017"
"10.1007/s11051-017-3850-6","2017","1388-0764","401015700001"
"10.1007/s10616-016-0037-4","2017","0920-9069","393745200005"
"10.1007/s10646-017-1805-4","2017","0963-9292","404900400003"
"10.1007/s10452-015-9558-8","2016","1386-2588","382632100004"
"10.1007/s13280-016-0766-9","2016","0044-7447","381580800006"
"10.1007/s12035-015-9474-x","2016","0893-7648","382871100046"
"10.1007/s10967-016-4733-5","2016","0236-5731","382139700018"
"10.1007/s10967-017-5257-3","2017","0236-5731","402173700026"
"10.1007/s10585-016-9780-3","2016","0262-0898","373005900002"
"10.1007/s00726-016-2349-2","2017","0939-4451","393022800016"
"10.1007/s00604-016-1956-7","2016","0026-3672","386069400001"
"10.1007/s00709-017-1104-1","2017","0033-183X","411515200004"
"10.1007/s00712-016-0471-y","2016","0931-8658","374308100005"
"10.1007/s00701-015-2655-6","2016","0001-6268","368603400018"
"10.1007/s10040-016-1519-3","2017","1431-2174","400755400011"
"10.1007/s00340-016-6598-2","2017","0946-2171","394290300041"
"10.1007/s00340-017-6675-1","2017","0946-2171","401569400027"
"10.1140/epjb/e2017-80054-3","2017","1434-6028","412109000001"
"10.1007/s00401-016-1551-3","2016","0001-6322","374448700008"
"10.1007/s00401-016-1592-7","2016","0001-6322","382011300008"
"10.3758/s13423-016-1076-8","2017","1069-9384","395057300009"
"10.1007/s00420-017-1219-x","2017","0340-0131","409295700001"
"10.1007/s00441-017-2590-3","2017","0302-766X","403936100002"
"10.1007/s00122-017-2959-4","2017","0040-5752","412904000004"
"10.1007/s00134-017-4781-5","2017","0342-4642","411517800011"
"10.1007/s00277-016-2867-8","2017","0939-5555","392305100001"
"10.1007/s00277-017-3098-3","2017","0939-5555","413247400001"
"10.1007/s12665-016-5948-z","2016","1866-6280","381986800015"
"10.1007/s00436-016-5022-5","2016","0932-0113","379036600023"
"10.1007/s00436-016-5303-z","2017","0932-0113","390568500046"
"10.1007/s00436-017-5599-3","2017","0932-0113","413979600007"
"10.1007/s00104-017-0506-0","2017","0009-4722","411869500009"
"10.1007/s00292-017-0275-z","2017","0172-8113","397576900007"
"10.1007/s00105-017-4018-0","2017","0017-8470","410433100012"
"10.1007/s11825-017-0150-6","2017","1863-5490","417180700003"
"10.1007/s11825-017-0136-4","2017","1863-5490","407263300005"
"10.1007/s11825-017-0131-9","2017","1863-5490","407263300009"
"10.1007/s11825-017-0146-2","2017","1863-5490","423358900006"
"10.1007/s11825-017-0166-y","2017","1863-5490","423358900001"
"10.1007/s11825-017-0163-1","2017","1863-5490","423358900007"
"10.1007/s00417-017-3739-1","2017","0721-832X","413006000018"
"10.1007/s10816-015-9264-9","2016","1072-5369","390140900012"
"10.1007/s11242-015-0608-4","2016","0169-3913","382094800003"
"10.1007/s10549-016-4016-4","2016","0167-6806","387342800009"
"10.1007/s00419-014-0972-5","2016","0939-1533","384437900004"
"10.1007/s00278-017-0212-x","2017","0935-6185","405681500006"
"10.1007/s00259-016-3447-9","2016","1619-7070","380700100019"
"10.1007/s00259-016-3573-4","2017","1619-7070","394985700013"
"10.1007/s00432-017-2374-x","2017","0171-5216","399175600008"
"10.1007/s00106-016-0258-z","2016","0017-6192","387498200005"
"10.1007/s00106-016-0268-x","2017","0017-6192","407590800005"
"10.3758/s13414-017-1397-3","2017","1943-3921","411124600001"
"10.1007/s00339-017-0808-6","2017","0947-8396","394314600022"
"10.1140/epjd/e2017-80275-6","2017","1434-6060","413308500003"
"10.1245/s10434-017-5942-z","2017","1068-9265","410455300003"
"10.1007/s10049-017-0288-4","2017","1434-6222","400572300010"
"10.1007/s00103-016-2342-7","2016","1436-9990","375059900015"
"10.1007/s00103-016-2501-x","2017","1436-9990","394987900005"
"10.1007/s00103-017-2581-2","2017","1436-9990","406407700004"
"10.1007/s00103-017-2579-9","2017","1436-9990","406407700008"
"10.1007/s00103-017-2560-7","2017","1436-9990","404233300009"
"10.1007/s00103-017-2565-2","2017","1436-9990","404233300004"
"10.1007/s00427-016-0564-1","2017","0949-944X","391368700001"
"10.1007/s11837-017-2596-z","2017","1047-4838","416178400047"
"10.1007/s10029-017-1573-3","2017","1265-4906","401696900016"
"10.1007/s00348-016-2200-2","2016","0723-4864","380230600005"
"10.1007/s00348-017-2411-1","2017","0723-4864","410785200023"
"10.1007/s10903-016-0460-9","2017","1557-1912","395620800003"
"10.1007/s00300-016-1967-1","2017","0722-4060","393761500013"
"10.1007/s00572-016-0741-0","2017","0940-6360","398726700004"
"10.1007/s11249-016-0712-9","2016","1023-8883","380252400013"
"10.1007/s00013-016-0891-5","2016","0003-889X","374560200007"
"10.1007/s11109-016-9376-2","2017","0190-9320","407751500008"
"10.1007/s10875-016-0265-6","2016","0271-9142","398374500016"
"10.1007/s00038-017-0956-7","2017","1661-8556","398821500002"
"10.1007/s11356-016-6810-2","2016","0944-1344","387602800002"
"10.1007/s00204-015-1658-7","2016","0340-5761","370196900008"
"10.1007/s00204-016-1698-7","2016","0340-5761","374303400001"
"10.1007/s00204-015-1621-7","2016","0340-5761","386380700012"
"10.1007/s00204-017-1990-1","2017","0340-5761","415760700008"
"10.1007/s00204-017-1966-1","2017","0340-5761","411386000016"
"10.1007/s00216-016-9789-0","2016","1618-2642","382883300001"
"10.1007/s00216-016-9377-3","2016","1618-2642","374302900011"
"10.1007/s00216-016-9598-5","2016","1618-2642","378999500003"
"10.1140/epjst/e2016-60179-6","2016","1951-6355","390646000013"
"10.1007/s40846-016-0152-x","2016","1609-0985","383012500004"
"10.1007/s11740-016-0708-1","2017","0944-6524","394364600008"
"10.1007/s00393-016-0061-y","2016","0340-1855","373646700011"
"10.1007/s13147-016-0434-3","2017","0034-0111","402091600008"
"10.1007/s00415-015-7905-2","2016","0340-5354","411327200011"
"10.1007/s00415-016-8377-8","2017","0340-5354","406688800005"
"10.1007/s00391-017-1290-7","2017","0948-6704","413464600003"
"10.1007/s40664-016-0135-3","2016","0944-2502","379877800013"
"10.1007/s40263-016-0390-z","2016","1172-7047","392723200005"
"10.1007/s10086-017-1632-5","2017","1435-0211","406185400004"
"10.1007/s11103-016-0518-z","2016","0167-4412","385047500008"
"10.1007/s10973-017-6208-5","2017","1388-6150","404994900022"
"10.1007/s10548-017-0567-x","2017","0896-0267","404750300002"
"10.1007/s11239-016-1446-0","2017","0929-5305","395829100011"
"10.1007/s12079-015-0313-7","2016","1873-9601","377699100002"
"10.1007/s10531-016-1127-5","2016","0960-3115","379006400002"
"10.1007/s10531-016-1226-3","2017","0960-3115","392186600006"
"10.1007/s11123-016-0465-3","2016","0895-562X","374961100006"
"10.1007/s13280-016-0830-5","2016","0044-7447","392285000006"
"10.1617/s11527-015-0724-1","2016","1359-5997","379590300025"
"10.1007/s11136-017-1659-5","2017","0962-9343","415280000004"
"10.1007/s12026-017-8942-y","2017","0257-277X","411873000006"
"10.1007/s11063-015-9434-5","2016","1370-4621","371641500002"
"10.1007/s11229-015-0799-9","2017","0039-7857","415347200008"
"10.1007/s12053-017-9527-2","2017","1570-646X","418070900004"
"10.1007/s00726-016-2181-8","2016","0939-4451","374375300004"
"10.1007/s00340-016-6581-y","2017","0946-2171","394290300012"
"10.1140/epjb/e2017-80341-y","2017","1434-6028","415221300002"
"10.1007/s00401-015-1531-z","2016","0001-6322","368535000003"
"10.1007/s00401-017-1684-z","2017","0001-6322","397315500003"
"10.3758/s13423-015-0960-y","2016","1069-9384","381177400011"
"10.1007/s00441-017-2664-2","2017","0302-766X","412894300002"
"10.1007/s00231-016-1932-0","2017","0947-7411","399434300020"
"10.1007/s00122-016-2804-1","2016","0040-5752","389254700005"
"10.1007/s13225-015-0328-7","2016","1560-2745","376458400002"
"10.1007/s12311-016-0762-4","2017","1473-4222","393586100008"
"10.1007/s00277-017-3150-3","2017","0939-5555","415688400003"
"10.1140/epje/i2016-16088-3","2016","1292-8941","398634500001"
"10.1007/s00335-016-9664-5","2016","0938-8990","388682800006"
"10.1007/s00424-016-1819-4","2016","0031-6768","377445400009"
"10.1007/s00424-017-1975-1","2017","0031-6768","401865900013"
"10.1007/s00382-017-3536-x","2017","0930-7575","415579000003"
"10.1007/s00436-017-5487-x","2017","0932-0113","406292100001"
"10.1007/s00167-016-4407-4","2017","0942-2056","395089100002"
"10.1007/s00253-016-8041-3","2017","0175-7598","398705100018"
"10.1007/s00482-017-0241-y","2017","0932-433X","416141900009"
"10.1007/s00105-016-3797-z","2016","0017-8470","379158300011"
"10.1007/s11825-017-0152-4","2017","1863-5490","417180700006"
"10.1007/s11825-017-0135-5","2017","1863-5490","407263300008"
"10.1007/s00417-016-3431-x","2017","0721-832X","391370100011"
"10.1007/s11242-015-0548-z","2016","0169-3913","382094800010"
"10.1007/s00464-015-4474-5","2016","0930-2794","378790000022"
"10.1007/s00464-016-5001-z","2017","0930-2794","393740700010"
"10.1007/s00430-017-0505-2","2017","0300-8584","405600800001"
"10.1007/s00259-017-3711-7","2017","1619-7070","403468900003"
"10.1007/s00330-017-4896-7","2017","0938-7994","414671000030"
"10.1007/s11663-016-0847-y","2017","1073-5615","392295500025"
"10.1007/s12020-016-0913-x","2016","1355-008X","386616300013"
"10.1007/s00106-016-0285-9","2017","0017-6192","407590800004"
"10.1007/s00106-017-0364-6","2017","0017-6192","407589100008"
"10.1007/s00422-016-0707-5","2017","0340-1200","394958400004"
"10.1007/s00380-015-0763-0","2016","0910-8327","382671600019"
"10.1007/s00103-017-2574-1","2017","1436-9990","406407700003"
"10.1007/s00103-017-2557-2","2017","1436-9990","404233300013"
"10.1007/s00103-017-2563-4","2017","1436-9990","404233300003"
"10.1007/s00103-017-2564-3","2017","1436-9990","404233300008"
"10.1007/s00427-016-0542-7","2016","0949-944X","377362100008"
"10.1007/s00402-016-2464-2","2016","0936-8051","378564500011"
"10.1007/s00402-016-2500-2","2016","0936-8051","382009600013"
"10.1007/s00402-017-2640-z","2017","0936-8051","394431300018"
"10.1007/s10198-015-0708-7","2016","1618-7598","380358100003"
"10.1007/s11409-015-9149-z","2016","1556-1623","374105500006"
"10.1007/s11837-017-2417-4","2017","1047-4838","406021800003"
"10.1007/s11306-015-0879-3","2016","1573-3882","367426600014"
"10.1007/s11306-016-1104-8","2016","1573-3882","384338300002"
"10.1007/s00359-017-1209-1","2017","0340-7594","416053900002"
"10.1007/s00411-016-0657-2","2016","0301-634X","380241800001"
"10.1007/s00787-017-0943-9","2017","1018-8827","402166200011"
"10.1007/s00249-015-1079-9","2016","0175-7571","367609800009"
"10.1007/s00348-017-2439-2","2017","0723-4864","413959800001"
"10.1007/s10875-017-0424-4","2017","0271-9142","407597600015"
"10.1007/s00018-017-2534-9","2017","1420-682X","409545200004"
"10.1007/s10765-017-2273-z","2017","0195-928X","411071400002"
"10.1007/s40194-016-0381-1","2016","0043-2288","389798800018"
"10.1007/s10113-016-1058-4","2017","1436-3798","394991000023"
"10.1007/s00114-017-1430-3","2017","0028-1042","397395600002"
"10.1007/s11356-016-6503-x","2016","0944-1344","378817300026"
"10.1007/s00209-016-1820-9","2017","0025-5874","409894400006"
"10.1007/s00204-016-1668-0","2016","0340-5761","387697600014"
"10.1007/s00216-017-0554-9","2017","1618-2642","410798600010"
"10.1007/s00392-015-0941-1","2016","1861-0684","373142800001"
"10.1007/s00392-017-1106-1","2017","1861-0684","408027900001"
"10.1140/epjst/e2016-60060-2","2016","1951-6355","387062100020"
"10.1140/epjst/e2016-60070-6","2016","1951-6355","387062100018"
"10.1140/epjst/e2016-60365-0","2017","1951-6355","394358200003"
"10.1140/epjst/e2016-60311-8","2017","1951-6355","404918800006"
"10.1007/s00228-016-2189-8","2017","0031-6970","398168600003"
"10.1007/s00438-016-1277-x","2017","1617-4615","398590000009"
"10.1007/s00394-015-1094-8","2017","1436-6207","396039300004"
"10.1007/s00395-016-0562-5","2016","0300-8428","380111100007"
"10.1140/epjh/e2017-80040-9","2017","2102-6459","419949800006"
"10.1007/s15010-016-0899-6","2016","0300-8126","388827600002"
"10.1007/s00062-015-0487-7","2016","1869-1439","383706200013"
"10.1007/s00062-016-0507-2","2016","1869-1439","379009000003"
"10.1007/s12181-015-0035-3","2016","1864-9718","399040100010"
"10.1007/s11548-017-1601-x","2017","1861-6410","413841500013"
"10.1007/s00429-016-1244-7","2017","1863-2653","396034300006"
"10.1007/s40262-016-0417-0","2017","0312-5963","392189700004"
"10.1007/s40262-016-0493-1","2017","0312-5963","394382300010"
"10.1007/s13595-015-0468-7","2016","1286-4560","370753300009"
"10.1007/s12282-015-0591-1","2016","1340-6868","374580800017"
"10.1007/s00181-017-1228-3","2017","0377-7332","405490500014"
"10.1007/s00064-015-0432-6","2016","0934-6694","378002200004"
